tipo,strike,bid,ask,volume,openInterest,lastTradeDate,spot,data_spot,expiracao,data_snapshot
call,5500.0,0.0,0.0,1.0,2,2026-09-29 13:43:17+00:00,7670.83984375,2026-09-29,2027-09-30,2026-09-30
call,6000.0,0.0,0.0,4.0,4,2026-09-29 14:12:37+00:00,7670.83984375,2026-09-29,2027-09-30,2026-09-30
call,6500.0,0.0,0.0,,1,2026-09-22 16:02:55+00:00,7670.83984375,2026-09-29,2027-09-30,2026-09-30
call,7000.0,0.0,0.0,2.0,2,2026-09-28 15:07:48+00:00,7670.83984375,2026-09-29,2027-09-30,2026-09-30
call,7075.0,0.0,0.0,,111,2026-09-22 14:25:58+00:00,7670.83984375,2026-09-29,2027-09-30,2026-09-30
call,7150.0,0.0,0.0,2.0,0,2026-09-25 19:08:56+00:00,7670.83984375,2026-09-29,2027-09-30,2026-09-30
call,7250.0,0.0,0.0,4.0,2,2026-09-29 17:52:53+00:00,7670.83984375,2026-09-29,2027-09-30,2026-09-30
call,7325.0,0.0,0.0,,0,2026-09-22 16:02:05+00:00,7670.83984375,2026-09-29,2027-09-30,2026-09-30
call,7400.0,874.6,876.1,10.0,6,2026-09-29 19:21:50+00:00,7670.83984375,2026-09-29,2027-09-30,2026-09-30
call,7450.0,840.3,841.9,4.0,45,2026-09-25 16:47:42+00:00,7670.83984375,2026-09-29,2027-09-30,2026-09-30
call,7500.0,804.4,806.0,2.0,9,2026-09-29 17:24:00+00:00,7670.83984375,2026-09-29,2027-09-30,2026-09-30
call,7550.0,770.0,771.7,8.0,4,2026-09-25 15:52:08+00:00,7670.83984375,2026-09-29,2027-09-30,2026-09-30
call,7575.0,753.8,755.5,6.0,4,2026-09-25 17:22:58+00:00,7670.83984375,2026-09-29,2027-09-30,2026-09-30
call,7600.0,735.9,737.5,4.0,3,2026-09-29 14:45:49+00:00,7670.83984375,2026-09-29,2027-09-30,2026-09-30
call,7625.0,720.2,721.9,2.0,1,2026-09-28 14:35:58+00:00,7670.83984375,2026-09-29,2027-09-30,2026-09-30
call,7700.0,670.8,672.5,203.0,319,2026-09-29 20:07:51+00:00,7670.83984375,2026-09-29,2027-09-30,2026-09-30
call,7725.0,654.6,656.4,2.0,46,2026-09-29 20:07:51+00:00,7670.83984375,2026-09-29,2027-09-30,2026-09-30
call,7750.0,637.6,639.3,2.0,248,2026-09-29 13:34:13+00:00,7670.83984375,2026-09-29,2027-09-30,2026-09-30
call,7775.0,622.7,624.5,2.0,9,2026-09-29 18:08:43+00:00,7670.83984375,2026-09-29,2027-09-30,2026-09-30
call,7800.0,607.1,608.9,3.0,62,2026-09-29 19:41:07+00:00,7670.83984375,2026-09-29,2027-09-30,2026-09-30
call,7825.0,591.7,593.4,,42,2026-09-24 19:17:18+00:00,7670.83984375,2026-09-29,2027-09-30,2026-09-30
call,7850.0,576.3,578.1,12.0,66,2026-09-29 19:21:50+00:00,7670.83984375,2026-09-29,2027-09-30,2026-09-30
call,7875.0,560.3,562.0,82.0,136,2026-09-29 14:12:12+00:00,7670.83984375,2026-09-29,2027-09-30,2026-09-30
call,7900.0,545.5,547.3,118.0,73,2026-09-29 19:41:07+00:00,7670.83984375,2026-09-29,2027-09-30,2026-09-30
call,7925.0,531.5,533.3,8.0,141,2026-09-25 13:45:29+00:00,7670.83984375,2026-09-29,2027-09-30,2026-09-30
call,7950.0,516.1,517.8,8.0,62,2026-09-29 16:08:20+00:00,7670.83984375,2026-09-29,2027-09-30,2026-09-30
call,7975.0,502.6,504.4,,1,2026-09-21 15:42:03+00:00,7670.83984375,2026-09-29,2027-09-30,2026-09-30
call,8000.0,488.5,490.2,24.0,41,2026-09-29 18:48:37+00:00,7670.83984375,2026-09-29,2027-09-30,2026-09-30
call,8050.0,459.9,461.7,6.0,85,2026-09-29 18:56:56+00:00,7670.83984375,2026-09-29,2027-09-30,2026-09-30
call,8075.0,447.3,449.0,6.0,44,2026-09-29 19:05:17+00:00,7670.83984375,2026-09-29,2027-09-30,2026-09-30
call,8100.0,433.3,435.0,2.0,3,2026-09-29 14:45:49+00:00,7670.83984375,2026-09-29,2027-09-30,2026-09-30
call,8125.0,420.2,421.9,14.0,7,2026-09-23 16:53:06+00:00,7670.83984375,2026-09-29,2027-09-30,2026-09-30
call,8150.0,408.0,409.7,2.0,3,2026-09-29 14:59:09+00:00,7670.83984375,2026-09-29,2027-09-30,2026-09-30
call,8200.0,382.2,384.0,10.0,118,2026-09-29 18:49:53+00:00,7670.83984375,2026-09-29,2027-09-30,2026-09-30
call,8250.0,358.2,359.9,10.0,122,2026-09-28 15:06:24+00:00,7670.83984375,2026-09-29,2027-09-30,2026-09-30
call,8300.0,335.0,336.8,83.0,145,2026-09-29 19:41:07+00:00,7670.83984375,2026-09-29,2027-09-30,2026-09-30
call,8350.0,313.0,314.6,4.0,169,2026-09-29 19:05:17+00:00,7670.83984375,2026-09-29,2027-09-30,2026-09-30
call,8400.0,291.7,293.3,115.0,160,2026-09-29 19:41:07+00:00,7670.83984375,2026-09-29,2027-09-30,2026-09-30
call,8450.0,271.9,273.8,8.0,4,2026-09-29 16:08:20+00:00,7670.83984375,2026-09-29,2027-09-30,2026-09-30
call,8500.0,252.6,254.1,29.0,58,2026-09-29 18:48:37+00:00,7670.83984375,2026-09-29,2027-09-30,2026-09-30
call,8550.0,234.5,236.0,4.0,20,2026-09-29 18:56:56+00:00,7670.83984375,2026-09-29,2027-09-30,2026-09-30
call,8600.0,217.5,218.9,6.0,3,2026-09-28 19:30:04+00:00,7670.83984375,2026-09-29,2027-09-30,2026-09-30
call,8650.0,201.4,202.8,37.0,32,2026-09-28 17:27:56+00:00,7670.83984375,2026-09-29,2027-09-30,2026-09-30
call,8700.0,186.5,188.1,14.0,21,2026-09-24 17:43:13+00:00,7670.83984375,2026-09-29,2027-09-30,2026-09-30
call,8750.0,172.3,173.7,2.0,1,2026-09-28 14:50:38+00:00,7670.83984375,2026-09-29,2027-09-30,2026-09-30
call,8800.0,159.0,160.4,10.0,40,2026-09-29 20:06:45+00:00,7670.83984375,2026-09-29,2027-09-30,2026-09-30
call,8900.0,135.2,136.7,2.0,2,2026-09-23 14:59:28+00:00,7670.83984375,2026-09-29,2027-09-30,2026-09-30
call,9000.0,114.6,116.0,16.0,11,2026-09-28 16:25:57+00:00,7670.83984375,2026-09-29,2027-09-30,2026-09-30
call,9100.0,96.7,98.0,4.0,3,2026-09-29 17:48:57+00:00,7670.83984375,2026-09-29,2027-09-30,2026-09-30
call,9200.0,81.6,82.9,4.0,9,2026-09-29 16:34:15+00:00,7670.83984375,2026-09-29,2027-09-30,2026-09-30
call,9300.0,68.5,69.7,12.0,12,2026-09-25 16:43:22+00:00,7670.83984375,2026-09-29,2027-09-30,2026-09-30
call,9400.0,57.1,58.3,8.0,46,2026-09-23 15:00:11+00:00,7670.83984375,2026-09-29,2027-09-30,2026-09-30
call,9500.0,47.7,48.6,,2,2026-09-22 14:31:40+00:00,7670.83984375,2026-09-29,2027-09-30,2026-09-30
call,9600.0,39.7,40.6,,2,2026-09-22 17:24:51+00:00,7670.83984375,2026-09-29,2027-09-30,2026-09-30
put,3200.0,14.0,14.4,1.0,5,2026-09-28 13:34:31+00:00,7670.83984375,2026-09-29,2027-09-30,2026-09-30
put,3400.0,16.4,16.8,2.0,3,2026-09-29 19:30:26+00:00,7670.83984375,2026-09-29,2027-09-30,2026-09-30
put,3900.0,23.7,24.2,,1,2026-09-21 14:28:38+00:00,7670.83984375,2026-09-29,2027-09-30,2026-09-30
put,4100.0,27.3,27.8,,1,2026-09-21 14:28:38+00:00,7670.83984375,2026-09-29,2027-09-30,2026-09-30
put,4700.0,41.0,41.7,,1,2026-09-23 17:15:55+00:00,7670.83984375,2026-09-29,2027-09-30,2026-09-30
put,5100.0,54.1,54.9,,1,2026-09-24 16:39:49+00:00,7670.83984375,2026-09-29,2027-09-30,2026-09-30
put,5200.0,58.1,59.0,,1,2026-09-24 16:39:49+00:00,7670.83984375,2026-09-29,2027-09-30,2026-09-30
put,5300.0,62.3,63.2,19.0,19,2026-09-25 16:35:51+00:00,7670.83984375,2026-09-29,2027-09-30,2026-09-30
put,5500.0,72.0,73.0,1.0,1,2026-09-25 17:49:50+00:00,7670.83984375,2026-09-29,2027-09-30,2026-09-30
put,5600.0,77.4,78.3,2.0,2,2026-09-25 16:05:53+00:00,7670.83984375,2026-09-29,2027-09-30,2026-09-30
put,5650.0,80.4,81.3,2.0,2,2026-09-25 16:05:53+00:00,7670.83984375,2026-09-29,2027-09-30,2026-09-30
put,5700.0,83.4,84.4,2.0,5,2026-09-25 15:58:12+00:00,7670.83984375,2026-09-29,2027-09-30,2026-09-30
put,5750.0,86.6,87.5,2.0,2,2026-09-25 15:58:12+00:00,7670.83984375,2026-09-29,2027-09-30,2026-09-30
put,5800.0,89.9,90.8,2.0,13,2026-09-25 15:56:27+00:00,7670.83984375,2026-09-29,2027-09-30,2026-09-30
put,5850.0,93.3,94.2,2.0,2,2026-09-25 15:56:27+00:00,7670.83984375,2026-09-29,2027-09-30,2026-09-30
put,5900.0,96.8,97.9,1.0,3,2026-09-24 14:05:30+00:00,7670.83984375,2026-09-29,2027-09-30,2026-09-30
put,5950.0,100.5,101.6,1.0,3,2026-09-23 14:07:57+00:00,7670.83984375,2026-09-29,2027-09-30,2026-09-30
put,6000.0,104.4,105.5,1.0,5,2026-09-28 19:59:23+00:00,7670.83984375,2026-09-29,2027-09-30,2026-09-30
put,6050.0,108.3,109.4,,2,2026-09-22 19:03:15+00:00,7670.83984375,2026-09-29,2027-09-30,2026-09-30
put,6100.0,112.5,113.6,2.0,2,2026-09-25 16:02:52+00:00,7670.83984375,2026-09-29,2027-09-30,2026-09-30
put,6150.0,117.0,118.1,2.0,2,2026-09-25 16:02:52+00:00,7670.83984375,2026-09-29,2027-09-30,2026-09-30
put,6200.0,121.5,122.7,,0,2026-09-21 15:44:33+00:00,7670.83984375,2026-09-29,2027-09-30,2026-09-30
put,6300.0,131.0,132.2,2.0,26,2026-09-29 13:48:19+00:00,7670.83984375,2026-09-29,2027-09-30,2026-09-30
put,6425.0,144.4,145.7,164.0,32,2026-09-25 16:34:30+00:00,7670.83984375,2026-09-29,2027-09-30,2026-09-30
put,6500.0,152.9,154.1,4.0,4,2026-09-24 15:30:35+00:00,7670.83984375,2026-09-29,2027-09-30,2026-09-30
put,6550.0,158.9,160.2,2.0,2,2026-09-25 14:44:39+00:00,7670.83984375,2026-09-29,2027-09-30,2026-09-30
put,6675.0,175.1,176.4,,6,2026-09-22 14:40:54+00:00,7670.83984375,2026-09-29,2027-09-30,2026-09-30
put,6725.0,182.4,183.6,,3,2026-09-22 14:14:50+00:00,7670.83984375,2026-09-29,2027-09-30,2026-09-30
put,6825.0,196.9,198.2,2.0,1,2026-09-25 17:50:47+00:00,7670.83984375,2026-09-29,2027-09-30,2026-09-30
put,6875.0,204.7,206.0,130.0,66,2026-09-28 19:52:18+00:00,7670.83984375,2026-09-29,2027-09-30,2026-09-30
put,6925.0,213.1,214.4,1.0,12,2026-09-25 17:50:47+00:00,7670.83984375,2026-09-29,2027-09-30,2026-09-30
put,6950.0,217.3,218.6,2.0,1,2026-09-28 15:10:04+00:00,7670.83984375,2026-09-29,2027-09-30,2026-09-30
put,6975.0,221.5,222.9,183.0,99,2026-09-25 18:37:00+00:00,7670.83984375,2026-09-29,2027-09-30,2026-09-30
put,7000.0,225.9,227.3,1.0,32,2026-09-28 13:35:26+00:00,7670.83984375,2026-09-29,2027-09-30,2026-09-30
put,7025.0,230.3,231.7,4.0,2,2026-09-25 18:32:17+00:00,7670.83984375,2026-09-29,2027-09-30,2026-09-30
put,7050.0,234.5,235.9,2.0,3,2026-09-25 18:33:36+00:00,7670.83984375,2026-09-29,2027-09-30,2026-09-30
put,7100.0,243.8,245.3,1.0,3,2026-09-28 14:36:34+00:00,7670.83984375,2026-09-29,2027-09-30,2026-09-30
put,7150.0,253.9,255.3,2.0,1,2026-09-29 16:59:02+00:00,7670.83984375,2026-09-29,2027-09-30,2026-09-30
put,7175.0,258.8,260.2,2.0,27,2026-09-29 19:55:21+00:00,7670.83984375,2026-09-29,2027-09-30,2026-09-30
put,7200.0,263.6,265.0,1.0,14,2026-09-28 18:47:23+00:00,7670.83984375,2026-09-29,2027-09-30,2026-09-30
put,7225.0,269.1,270.5,19.0,19,2026-09-25 19:59:03+00:00,7670.83984375,2026-09-29,2027-09-30,2026-09-30
put,7250.0,274.1,275.5,26.0,13,2026-09-25 16:04:02+00:00,7670.83984375,2026-09-29,2027-09-30,2026-09-30
put,7275.0,279.4,280.8,2.0,1,2026-09-24 15:30:35+00:00,7670.83984375,2026-09-29,2027-09-30,2026-09-30
put,7300.0,285.3,286.7,4.0,11,2026-09-25 15:30:54+00:00,7670.83984375,2026-09-29,2027-09-30,2026-09-30
put,7350.0,296.5,298.0,13.0,19,2026-09-23 16:55:43+00:00,7670.83984375,2026-09-29,2027-09-30,2026-09-30
put,7375.0,302.3,303.7,2.0,3,2026-09-28 16:58:24+00:00,7670.83984375,2026-09-29,2027-09-30,2026-09-30
put,7400.0,307.8,309.3,130.0,62,2026-09-28 19:52:18+00:00,7670.83984375,2026-09-29,2027-09-30,2026-09-30
put,7425.0,314.2,315.7,304.0,152,2026-09-25 18:37:00+00:00,7670.83984375,2026-09-29,2027-09-30,2026-09-30
put,7450.0,320.4,321.8,120.0,61,2026-09-25 19:17:11+00:00,7670.83984375,2026-09-29,2027-09-30,2026-09-30
put,7475.0,326.7,328.2,8.0,4,2026-09-25 18:32:17+00:00,7670.83984375,2026-09-29,2027-09-30,2026-09-30
put,7500.0,332.9,334.5,2.0,6,2026-09-29 14:47:45+00:00,7670.83984375,2026-09-29,2027-09-30,2026-09-30
put,7550.0,346.2,347.7,4.0,0,2026-09-25 18:38:40+00:00,7670.83984375,2026-09-29,2027-09-30,2026-09-30
put,7575.0,352.8,354.4,82.0,36,2026-09-25 16:34:30+00:00,7670.83984375,2026-09-29,2027-09-30,2026-09-30
put,7600.0,359.5,361.1,6.0,5,2026-09-28 15:37:16+00:00,7670.83984375,2026-09-29,2027-09-30,2026-09-30
put,7625.0,366.7,368.3,,26,2026-09-22 18:47:27+00:00,7670.83984375,2026-09-29,2027-09-30,2026-09-30
put,7650.0,373.5,375.1,1.0,6,2026-09-29 19:56:58+00:00,7670.83984375,2026-09-29,2027-09-30,2026-09-30
put,7675.0,381.2,382.8,2.0,36,2026-09-29 14:09:41+00:00,7670.83984375,2026-09-29,2027-09-30,2026-09-30
put,7700.0,388.4,389.9,1.0,44,2026-09-24 13:30:04+00:00,7670.83984375,2026-09-29,2027-09-30,2026-09-30
put,7725.0,395.9,397.5,,1,2026-09-22 16:08:11+00:00,7670.83984375,2026-09-29,2027-09-30,2026-09-30
put,7750.0,404.2,405.8,4.0,51,2026-09-29 14:47:45+00:00,7670.83984375,2026-09-29,2027-09-30,2026-09-30
put,7800.0,419.6,421.4,152.0,131,2026-09-25 18:37:00+00:00,7670.83984375,2026-09-29,2027-09-30,2026-09-30
put,7825.0,428.6,430.3,60.0,30,2026-09-25 19:17:11+00:00,7670.83984375,2026-09-29,2027-09-30,2026-09-30
put,7850.0,436.8,438.4,4.0,6,2026-09-25 18:32:17+00:00,7670.83984375,2026-09-29,2027-09-30,2026-09-30
put,7875.0,445.7,447.3,2.0,49,2026-09-25 18:33:36+00:00,7670.83984375,2026-09-29,2027-09-30,2026-09-30
put,7900.0,454.3,456.0,3.0,14,2026-09-29 16:04:02+00:00,7670.83984375,2026-09-29,2027-09-30,2026-09-30
put,7925.0,463.6,465.2,26.0,15,2026-09-28 19:25:02+00:00,7670.83984375,2026-09-29,2027-09-30,2026-09-30
put,7950.0,472.8,474.4,82.0,85,2026-09-29 15:31:25+00:00,7670.83984375,2026-09-29,2027-09-30,2026-09-30
put,7975.0,481.5,483.3,82.0,41,2026-09-28 16:39:26+00:00,7670.83984375,2026-09-29,2027-09-30,2026-09-30
put,8000.0,492.0,493.6,4.0,20,2026-09-29 15:39:19+00:00,7670.83984375,2026-09-29,2027-09-30,2026-09-30
put,8050.0,511.9,513.5,2.0,31,2026-09-29 13:56:01+00:00,7670.83984375,2026-09-29,2027-09-30,2026-09-30
put,8100.0,532.5,534.1,3.0,6,2026-09-28 15:37:16+00:00,7670.83984375,2026-09-29,2027-09-30,2026-09-30
put,8125.0,543.3,544.9,2.0,2,2026-09-23 14:41:18+00:00,7670.83984375,2026-09-29,2027-09-30,2026-09-30
put,8200.0,576.1,577.8,2.0,5,2026-09-28 19:23:52+00:00,7670.83984375,2026-09-29,2027-09-30,2026-09-30
put,8225.0,588.2,589.9,2.0,2,2026-09-28 19:25:02+00:00,7670.83984375,2026-09-29,2027-09-30,2026-09-30
put,8250.0,599.4,601.1,36.0,36,2026-09-28 15:18:35+00:00,7670.83984375,2026-09-29,2027-09-30,2026-09-30
put,8300.0,624.5,626.2,2.0,61,2026-09-29 15:20:16+00:00,7670.83984375,2026-09-29,2027-09-30,2026-09-30
put,8350.0,649.9,651.7,112.0,110,2026-09-28 16:39:26+00:00,7670.83984375,2026-09-29,2027-09-30,2026-09-30
put,8400.0,675.6,677.3,6.0,51,2026-09-29 15:39:19+00:00,7670.83984375,2026-09-29,2027-09-30,2026-09-30
put,8450.0,703.9,705.5,2.0,3,2026-09-28 15:35:35+00:00,7670.83984375,2026-09-29,2027-09-30,2026-09-30
put,8500.0,731.4,733.0,160.0,87,2026-09-29 13:40:14+00:00,7670.83984375,2026-09-29,2027-09-30,2026-09-30
put,8550.0,761.6,763.2,26.0,15,2026-09-29 17:19:02+00:00,7670.83984375,2026-09-29,2027-09-30,2026-09-30
put,8600.0,792.1,793.7,2.0,1,2026-09-25 18:32:36+00:00,7670.83984375,2026-09-29,2027-09-30,2026-09-30
put,8650.0,822.8,824.4,2.0,1,2026-09-25 14:50:58+00:00,7670.83984375,2026-09-29,2027-09-30,2026-09-30
put,8700.0,746.0,946.0,2.0,3,2026-09-29 16:04:02+00:00,7670.83984375,2026-09-29,2027-09-30,2026-09-30
put,8750.0,0.0,0.0,,1,2026-09-22 19:20:55+00:00,7670.83984375,2026-09-29,2027-09-30,2026-09-30
